INSERT INTO Zavod.roles(role)
VALUES
('DEVELOPER'),
('ADMIN');

INSERT INTO Zavod.users(username, name, surname, patronymic, password, is_deleted)
VALUES
('isakhno', 'Ярослав', 'Сахно', 'Андреевич', '$2a$10$DimBen9baU6AzZi.O2q/WusIS6OflyWa092jAIaqdfQ8GevBrta8S', 0),
('amusina', 'Анастасия', 'Мусина', 'Руслановна', '$2a$10$DimBen9baU6AzZi.O2q/WusIS6OflyWa092jAIaqdfQ8GevBrta8S', 0);

INSERT INTO Zavod.user_role(user_id, role_id)
VALUES
(1,1),
(2,2);

INSERT INTO Zavod.categories(name)
VALUES
('Бутылки'),
('Банки'),
('Прес формы'),
('Крышки'),
('Флекс');

INSERT INTO Zavod.subcategories(name, category_id)
VALUES
('Бутылки 0.5 л', 1),
('Бутылки 1 л', 1),
('Бутылки 1.5 л', 1),
('Бутылки 2 л', 1),
('Банки 1 л', 2),
('Банки 2 л', 2),
('Пре форма 0.5 л', 3),
('Пре форма 1 л', 3),
('Пре форма 1.5 л', 3),
('Крышки 28 мм', 4),
('Крышки 38 мм', 4),
('Флекс лента', 5),
('Флекс стружка', 5),
('Флекс стружка', 5);

INSERT INTO Zavod.colors(name, hex_code)
VALUES
('Прозрачный', '#FFFFFF00'),
('Зеленый', '#219c23'),
('Коричневый', '#994d17'),
('Белый', '#fcf9f7');

INSERT INTO Zavod.characteristics(name)
VALUES
('Цена'),
('Объем'),
('Фасовка'),
('Диаметр горлышка, мм'),
('Масса'),
('Диаметр, мм');

INSERT INTO Zavod.Products(name, id_from_factory_bd, subcategory_id)
VALUES
('Бутылка 1л', 1, 2),
('Бутылка 1л', 43, 2),
('Бутылка 1л', 163, 2),
('Бутылка 1л', 266, 2),
('Бутылка 1л', 10, 2),
('Бутылка 1л', 44, 2),
('Бутылка 1л', 36, 2),
('Бутылка 1л', 75, 2),
('Бутылка 1л', 161, 2),
('Бутылка 1л', 76, 2),
('Бутылка 1л', 101, 2),
('Бутылка 1л', 210, 2),
('Бутылка 1л', 79, 2),
('Бутылка 1л', 115, 2),
('Бутылка 1л', 139, 2),
('Бутылка 0.5л', 119, 1),
('Бутылка 0.5л', 88, 1),
('Бутылка 0.5л', 118, 1);

INSERT INTO Zavod.product_characteristics(product_id, characteristic_id, val)
VALUES
(1, 4, 28),
(1, 3, 90),
(2, 4, 28),
(2, 3, 99),
(3, 4, 28),
(3, 3, 104),
(4, 4, 28),
(4, 3, 85),
(5, 4, 28),
(5, 3, 99),
(6, 4, 28),
(6, 3, 99),
(7, 4, 28),
(7, 3, 99),
(8, 4, 28),
(8, 3, 110),
(9, 4, 28),
(9, 3, 114),
(10, 4, 28),
(10, 3, 110),
(11, 4, 28),
(11, 3, 99),
(12, 4, 28),
(12, 3, 99),
(13, 4, 28),
(13, 3, 99),
(14, 4, 28),
(14, 3, 99),
(15, 4, 28),
(15, 3, 99),
(16, 4, 28),
(16, 3, 99),
(17, 4, 28),
(17, 3, 110),
(18, 4, 28),
(18, 3, 108);

INSERT INTO Zavod.images(product_id, product_image_type, product_image_name, color_id)
VALUES
(1, 'JPG', 'Бутылка-1л-28мм-90шт-прозрачная', 1),
(2, 'JPG', 'Бутылка-1л-28мм-99шт-прозрачная', 1),
(3, 'JPG', 'Бутылка-1л-28мм-104шт-прозрачная', 1),
(4, 'JPG', 'Бутылка-1л-28мм-85шт-прозрачная', 1),
(5, 'JPG', 'Бутылка-1л-28мм-99шт-прозрачная', 1),
(6, 'JPG', 'Бутылка-1л-28мм-99шт-прозрачная', 1),
(7, 'JPG', 'Бутылка-1л-28мм-99шт-прозрачная', 1),
(8, 'JPG', 'Бутылка-1л-28мм-99шт-коричневая', 3),
(9, 'JPG', 'Бутылка-1л-28мм-99шт-прозрачная', 1),
(10, 'JPG', 'Бутылка-1л-28мм-110шт-прозрачная', 1),
(11, 'JPG', 'Бутылка-1л-28мм-101шт-прозрачная', 1),
(12, 'JPG', 'Бутылка-1л-28мм-99шт-прозрачная', 1),
(13, 'JPG', 'Бутылка-1л-28мм-99шт-прозрачная', 1),
(14, 'JPG', 'Бутылка-1л-28мм-99шт-белая', 4),
(15, 'JPG', 'Бутылка-1л-28мм-99шт-прозрачная', 1),
(16, 'JPG', 'Бутылка-0.5л-28мм-99шт-прозрачная', 1),
(17, 'JPG', 'Бутылка-0.5л-28мм-110шт-коричневая', 3),
(18, 'JPG', 'Бутылка-0.5л-28мм-108шт-прозрачная', 1);

INSERT INTO Zavod.capacity(capacity_from, capacity_to)
VALUES
(0, 800),
(800, 1300),
(1300, 2500),
(2500, 6000),
(6000, 10000),
(10000, 12000),
(12000, 15000),
(15000, 18000),
(18000, 20000),
(20000, 25000),
(25000, 30000);

INSERT INTO Zavod.division(name)
VALUES
('Город'),
('Запад'),
('Восток');

INSERT INTO Zavod.district(name, division_id)
VALUES
('Зона 1', 1),
('Зона 2', 1),
('Зона 3', 1),
('Зона 4', 1),
('Сокулук', 2),
('Кара-Балта', 2),
('Ленинское', 3),
('Кант', 3),
('Токмок', 3),
('Чолпон-Ата', 3);

INSERT INTO Zavod.delivery_prices(capacity_id, district_id, price)
VALUES
(1, 1, 162),
(2, 1, 210),
(3, 1, 303),
(4, 1, 436),
(5, 1, 587),
(6, 1, 754),
(7, 1, 805),
(8, 1, 923),
(9, 1, 1076),
(10, 1, 1374),
(11, 1, 1691),
(1, 2, 236),
(2, 2, 252),
(3, 2, 420),
(4, 2, 587),
(5, 2, 706),
(6, 2, 845),
(7, 2, 923),
(8, 2, 1076),
(9, 2, 1231),
(10, 2, 1615),
(11, 2, 1938),
(1, 3, 419),
(2, 3, 504),
(3, 3, 587),
(4, 3, 671),
(5, 3, 799),
(6, 3, 1024),
(7, 3, 1108),
(8, 3, 1231),
(9, 3, 1384),
(10, 3, 1906),
(11, 3, 2213),
(1, 4, 587),
(2, 4, 671),
(3, 4, 754),
(4, 4, 769),
(5, 4, 923),
(6, 4, 1076),
(7, 4, 1231),
(8, 4, 1384),
(9, 4, 1537),
(10, 4, 2151),
(11, 4, 2460),
(1, 5, 1118),
(2, 5, 1300),
(3, 5, 1462),
(4, 5, 1537),
(5, 5, 1615),
(6, 5, 1920),
(7, 5, 1998),
(8, 5, 2151),
(9, 5, 2460),
(10, 5, 3460),
(11, 5, 3689),
(1, 6, null),
(2, 6, null),
(3, 6, null),
(4, 6, 2460),
(5, 6, 2768),
(6, 6, 3229),
(7, 6, 3535),
(8, 6, 3851),
(9, 6, 3997),
(10, 6, 6303),
(11, 6, 7072),
(1, 7, 1118),
(2, 7, 1300),
(3, 7, 1462),
(4, 7, 1537),
(5, 7, 1615),
(6, 7, 1920),
(7, 7, 1998),
(8, 7, 2151),
(9, 7, 2460),
(10, 7, 3460),
(11, 7, 3689),
(1, 8, 1462),
(2, 8, null),
(3, 8, 1691),
(4, 8, 1845),
(5, 8, 1998),
(6, 8, 2153),
(7, 8, 2307),
(8, 8, 2768),
(9, 8, 3075),
(10, 8, 4305),
(11, 8, 4612),
(1, 9, null),
(2, 9, null),
(3, 9, null),
(4, 9, 2460),
(5, 9, 2758),
(6, 9, 3229),
(7, 9, 3535),
(8, 9, 3851),
(9, 9, 3997),
(10, 9, 6303),
(11, 9, 7072),
(1, 10, null),
(2, 10, null),
(3, 10, null),
(4, 10, null),
(5, 10, 7050),
(6, 10, 8450),
(7, 10, 9224),
(8, 10, 10764),
(9, 10, 12298),
(10, 10, 16910),
(11, 10, 18440);

INSERT INTO Zavod.notices(title, description, is_active, notice_image_name, image_type)
VALUES
('Новость 1', 'Описание новости 1', 1, 'Новость-1', 'JPG'),
('Новость 2', 'Описание новости 2', 1, 'Новость-2', 'JPG');

INSERT INTO Zavod.partners(name, description, logo_image_name, logo_image_type, product_image_name, product_image_type, is_active)
VALUES
('Партнер-1', 'Описание партнера 1', 'логотип-партнер-1', 'JPG', 'продукт-партнера-1', 'JPG', 1),
('Партнер-2', 'Описание партнера 2', 'логотип-партнер-2', 'JPG', 'продукт-партнера-2', 'JPG', 1);

INSERT INTO Zavod.vacancies(name, description, offer)
VALUES
('Вакансия грузчика', 'Работа грузчиком на заводе', 'Предлагаем работу грузчиком.&#10;• График работы: 6/1&#10;• ЗП: 10000 сом'),
('Вакансия ', 'Работа грузчиком на заводе', 'Предлагаем работу грузчиком.&#10;• График работы: 6/1&#10;• ЗП: 10000 сом');

INSERT INTO Zavod.certificates(name, description, certificate_image_name, certificate_image_type)
VALUES
('Сертификат-1', 'Сертификат бутылочный', 'сертификат-1', 'JPG');