INSERT INTO Zavod.roles(role)
VALUES
    ('DEVELOPER'),
    ('ADMIN');

INSERT INTO Zavod.users(username, name, surname, patronymic, password, is_deleted)
VALUES
    ('isakhno', 'Ярослав', 'Сахно', 'Андреевич', '$2a$10$DimBen9baU6AzZi.O2q/WusIS6OflyWa092jAIaqdfQ8GevBrta8S', 0),
    ('amusina', 'Анастасия', 'Мусина', 'Руслановна', '$2a$10$DimBen9baU6AzZi.O2q/WusIS6OflyWa092jAIaqdfQ8GevBrta8S', 0);

INSERT INTO Zavod.user_role(user_id, role_id)
VALUES
    (1,1),
    (2,2);

INSERT INTO ZAVOD.CATEGORIES
(NAME, CATEGORY_IMAGE, CATEGORY_IMAGE_TYPE, CATEGORY_IMAGE_NAME)
VALUES
    ('Бутылки', 'categories/5571e561-6367-492b-bd8c-93f1bcd1d3fc.jpg', 'JPG', 'бутылка'),
    ('Банки', 'categories/ff13ef04-0e64-4977-ba34-9fe9e0d02a73.jpg', 'JPG', 'банка'),
    ('Преформы', 'categories/cb2f7724-59f8-4fc0-9342-e804ef031e64.jpg', 'JPG', 'преформа'),
    ('Крышки', 'categories/3b9c5c36-57c7-44fe-9750-a689d5635578.jpg', 'JPG', 'крышки'),
    ('Флекс', 'categories/575b84ac-a11a-42be-9d41-3b9baf1b075e.jpg', 'JPG', 'струшка');

INSERT INTO ZAVOD.SUBCATEGORIES
(CATEGORY_ID, ID, NAME, SUBCATEGORY_IMAGE, SUBCATEGORY_IMAGE_TYPE, SUBCATEGORY_IMAGE_NAME)
VALUES
    (1, 1, 'Бутылки до 0.5л', 'subcategories/ba37bbff-82b7-42f6-9be7-04eeed09a8fd.jpg', 'JPG', 'бутылка-05.jpg'),
    (1, 2, 'Бутылки от 0.5л до 1л', 'subcategories/ff836e66-8354-47eb-b284-57f375df43bb.jpg', 'JPG', 'бутылка-1.jpg'),
    (1, 3, 'Бутылки от 1л до 2л', 'subcategories/a3c96040-6697-4c2c-b007-19bd013f1050.jpg', 'JPG', 'бутылка-2.jpg'),
    (1, 4, 'Бутылки от 2л до 5л', 'subcategories/8a3bb2bf-d77b-4762-b042-d1031afca765.jpg', 'JPG', 'бутылка-5.jpg'),
    (1, 5, 'Бутылки от 5л до 10л', 'subcategories/01f0af63-0cb5-4729-a092-23b27b71a6a4.jpg', 'JPG', 'бутылка-10.jpg'),
    (2, 6, 'Банки до 0.5л', 'subcategories/a4c6ddc9-4d8c-4b4a-a7cc-3d0b2d757402.jpg', 'JPG', 'банка-05.jpg'),
    (2, 7, 'Банки от 0.5л до 1л', 'subcategories/dfd34947-53d9-476a-a87a-b76325ca786f.jpg', 'JPG', 'банка-1.jpg'),
    (2, 8, 'Банки от 1л до 2л', 'subcategories/f88b490b-c111-4bef-b3bf-c2bed2dc9af0.jpg', 'JPG', 'банка-2.jpg'),
    (2, 9, 'Банки от 2л до 5л', 'subcategories/3561e38d-1d6a-4c32-bcbb-b4daa52473bf.jpg', 'JPG', 'банка-5.jpg'),
    (2, 10, 'Банки малыши', 'subcategories/11dda20b-7748-419a-93bf-1f4bc55db247.jpg', 'JPG', 'банка-малыш.jpg'),
    (3, 11, 'Преформа', 'subcategories/5690dcc9-59da-473d-8195-6bbc99748e42.jpg', 'JPG', 'преформа.jpg'),
    (4, 14, 'Крышки на бутылку', 'subcategories/be0c4ddf-447a-4e7e-bb10-41fdb9ee06f2.jpg', 'JPG', 'крышки-на-бутылку.jpg'),
    (4, 15, 'Крышки на банку', 'subcategories/d381a923-43d0-4e19-a414-ad3db8bca284.jpg', 'JPG', 'крышка-на-банку.jpg'),
    (5, 17, 'Флекс стружка', 'subcategories/d0b3c0d5-d8f9-4ee8-a5ed-db3b6545e5de.jpg', 'JPG', 'флекс.jpg');

INSERT INTO Zavod.colors(name, hex_code)
VALUES
    ('Прозрачный', '#FFFFFF00'),
    ('Зеленый', '#219c23'),
    ('Коричневый', '#994d17'),
    ('Белый', '#fcf9f7'),
    ('Голубой', '#99CCFF');

INSERT INTO Zavod.characteristics(name)
VALUES
    ('Цена, сом'),
    ('Объем, л'),
    ('Фасовка, шт'),
    ('Диаметр горлышка, мм'),
    ('Масса, г'),
    ('Диаметр, мм');--6

INSERT INTO Zavod.capacity(capacity_from, capacity_to)
VALUES
    (0, 800),
    (800, 1300),
    (1300, 2500),
    (2500, 6000),
    (6000, 10000),
    (10000, 12000),
    (12000, 15000),
    (15000, 18000),
    (18000, 20000),
    (20000, 25000),
    (25000, 30000);

INSERT INTO Zavod.division(name)
VALUES
    ('Город'),
    ('Запад'),
    ('Восток');

INSERT INTO Zavod.district(name, division_id)
VALUES
    ('Зона 1', 1),
    ('Зона 2', 1),
    ('Зона 3', 1),
    ('Зона 4', 1),
    ('Сокулук', 2),
    ('Кара-Балта', 2),
    ('Ленинское', 3),
    ('Кант', 3),
    ('Токмок', 3),
    ('Чолпон-Ата', 3);

INSERT INTO Zavod.delivery_prices(capacity_id, district_id, price)
VALUES
    (1, 1, 162),
    (2, 1, 210),
    (3, 1, 303),
    (4, 1, 436),
    (5, 1, 587),
    (6, 1, 754),
    (7, 1, 805),
    (8, 1, 923),
    (9, 1, 1076),
    (10, 1, 1374),
    (11, 1, 1691),
    (1, 2, 236),
    (2, 2, 252),
    (3, 2, 420),
    (4, 2, 587),
    (5, 2, 706),
    (6, 2, 845),
    (7, 2, 923),
    (8, 2, 1076),
    (9, 2, 1231),
    (10, 2, 1615),
    (11, 2, 1938),
    (1, 3, 419),
    (2, 3, 504),
    (3, 3, 587),
    (4, 3, 671),
    (5, 3, 799),
    (6, 3, 1024),
    (7, 3, 1108),
    (8, 3, 1231),
    (9, 3, 1384),
    (10, 3, 1906),
    (11, 3, 2213),
    (1, 4, 587),
    (2, 4, 671),
    (3, 4, 754),
    (4, 4, 769),
    (5, 4, 923),
    (6, 4, 1076),
    (7, 4, 1231),
    (8, 4, 1384),
    (9, 4, 1537),
    (10, 4, 2151),
    (11, 4, 2460),
    (1, 5, 1118),
    (2, 5, 1300),
    (3, 5, 1462),
    (4, 5, 1537),
    (5, 5, 1615),
    (6, 5, 1920),
    (7, 5, 1998),
    (8, 5, 2151),
    (9, 5, 2460),
    (10, 5, 3460),
    (11, 5, 3689),
    (1, 6, null),
    (2, 6, null),
    (3, 6, null),
    (4, 6, 2460),
    (5, 6, 2768),
    (6, 6, 3229),
    (7, 6, 3535),
    (8, 6, 3851),
    (9, 6, 3997),
    (10, 6, 6303),
    (11, 6, 7072),
    (1, 7, 1118),
    (2, 7, 1300),
    (3, 7, 1462),
    (4, 7, 1537),
    (5, 7, 1615),
    (6, 7, 1920),
    (7, 7, 1998),
    (8, 7, 2151),
    (9, 7, 2460),
    (10, 7, 3460),
    (11, 7, 3689),
    (1, 8, 1462),
    (2, 8, null),
    (3, 8, 1691),
    (4, 8, 1845),
    (5, 8, 1998),
    (6, 8, 2153),
    (7, 8, 2307),
    (8, 8, 2768),
    (9, 8, 3075),
    (10, 8, 4305),
    (11, 8, 4612),
    (1, 9, null),
    (2, 9, null),
    (3, 9, null),
    (4, 9, 2460),
    (5, 9, 2758),
    (6, 9, 3229),
    (7, 9, 3535),
    (8, 9, 3851),
    (9, 9, 3997),
    (10, 9, 6303),
    (11, 9, 7072),
    (1, 10, null),
    (2, 10, null),
    (3, 10, null),
    (4, 10, null),
    (5, 10, 7050),
    (6, 10, 8450),
    (7, 10, 9224),
    (8, 10, 10764),
    (9, 10, 12298),
    (10, 10, 16910),
    (11, 10, 18440);

INSERT INTO Zavod.notices(title, description, is_active, notice_image_name, image_type, created_time, notice_image)
VALUES
    (
        'У нас выходные.',
        'Поздравляем вас с наступающим Новым годом! 🎄✨
         Обращаем ваше внимание на изменение графика работы нашей компании в праздничные дни:
         📅 С 20.12.24 по 05.01.25 — мы будем находиться на новогодних каникулах.
         Все ваши запросы, поступившие в этот период, будут обработаны сразу после выхода из праздничных дней — с 05.01.25.
         Спасибо за ваше понимание и сотрудничество! Желаем вам веселого празднования, тепла и счастья в Новом году. Пусть 2025 год принесет успех, радость и благополучие!',
        1,
        'выходные.jpg',
        'JPG',
        '2025-01-20 17:00:18.236931',
        'notices/5a140764-7e23-4101-96d3-c3e9505d7103.jpg'
    ),
    (
        'С новым годом!',
        'От всей души поздравляем вас с наступающим Новым годом! 🎄✨
         Пусть этот год принесет вам радость, счастье, крепкое здоровье и новые достижения!
         Мы благодарны за ваше доверие и сотрудничество в уходящем году. Благодаря вам мы растем, развиваемся и становимся лучше.
         В Новом году мы продолжим стремиться к тому, чтобы оправдывать ваши ожидания, предоставляя только лучшие решения и услуги.
         Желаем вам вдохновения, ярких идей и благополучия в каждом дне. Пусть ваши мечты сбываются, а все начинания приносят успех!',
        1,
        'с-новым-годом.jpg',
        'JPG',
        '2025-01-20 17:00:38.585119',
        'notices/a5b9099f-f062-4df5-b0d7-fa7843a2b33b.jpg'
    ),
    (
        'С 8 марта!',
        'От всей души поздравляем вас с Международным женским днем – 8 Марта! 🌸✨
         Пусть этот день наполнит вашу жизнь теплом, светом и искренними улыбками!
         Желаем вам счастья, здоровья и гармонии. Пусть каждый день будет наполнен радостью, вдохновением и успехом! Спасибо за вашу поддержку и доверие, которые мотивируют нас становиться лучше.
         Пусть весна подарит вам прекрасное настроение, новые мечты и силы для их осуществления. А мы, в свою очередь, всегда готовы быть рядом, чтобы помогать вам на пути к новым достижениям.',
        1,
        '8-марта.jpg',
        'JPG',
        '2025-01-20 17:00:56.216599	',
        'notices/2b214e25-9d6a-4bf0-ac34-9854ab296ef6.jpg'
    ),
    (
        'С 23 февраля!',
        'Поздравляем вас с Днем защитника Отечества! 🎖️
         Этот день символизирует силу, мужество, отвагу и преданность. Мы выражаем глубокую благодарность всем, кто защищает мир, безопасность и благополучие.
         Желаем вам крепкого здоровья, уверенности в своих силах, достижения всех целей и спокойствия в душе. Пусть рядом всегда будут верные друзья и поддержка близких!
         Спасибо, что вы с нами. Мы гордимся сотрудничеством с такими надежными и уважаемыми клиентами.',
        1,
        '23-февраля.png',
        'PNG',
        '2025-01-20 17:05:27.266626',
        'notices/5b482e8d-b2d3-4597-b641-85f445516bce.png'
    );


INSERT INTO Zavod.partners (is_active, created_time, updated_time, description, name, logo_image, logo_image_type, product_image, product_image_type, logo_image_name, product_image_name)
VALUES
    (1, '2025-01-19 19:32:46.309797', '2025-01-21 22:17:42.208104', 'Здесь должно быть описание партнера.', 'ОсОО Эй Би Груп',        'partners/logo/fb8af918-48d6-43e1-a8df-60726e05cb56.png', 'PNG', 'partners/product/f185c5e3-8055-4d81-a01e-87cda55d35b5.jpg', 'JPG', 'zina-logo.png',        'бутылка-моющее-посуда.jpg'),
    (1, '2025-01-19 19:32:46.309797', '2025-01-21 22:17:42.208104', 'Здесь должно быть описание партнера.', 'ОсОО GDM',               'partners/logo/319f857c-0490-4b19-ad0b-4dffe01dc5e8.png', 'PNG', 'partners/product/ddebec1e-c607-4d05-871e-27e299185236.jpg', 'JPG', 'gdm-logo.png',         'бутылка-фери.jpg'),
    (1, '2025-01-19 19:32:46.309797', '2025-01-21 22:17:42.208104', 'Здесь должно быть описание партнера.', 'МЭЗ Альфа',              'partners/logo/03d8cf70-eb93-4fef-8b63-0bf5794ba980.jpg', 'JPG', 'partners/product/5aae988c-c8ea-42dd-900c-d55282d335be.jpg', 'JPG', 'alfa-logo.jpg',        'бутылки-масло.jpg'),
    (1, '2025-01-19 19:32:46.309797', '2025-01-21 22:17:42.208104', 'Здесь должно быть описание партнера.', 'ОсОО Айджен Компани',    'partners/logo/0f70d069-e878-4b5d-9f63-de452f3bedda.jpg', 'JPG', 'partners/product/4f539b30-fa12-4698-9c7b-7cca3a958fd6.jpg', 'JPG', 'kim-chi-logo.jpg',     'банка-ким-чи.jpg'),
    (1, '2025-01-19 19:32:46.309797', '2025-01-21 22:17:42.208104', 'Здесь должно быть описание партнера.', 'Кооп Пром Сервис',       'partners/logo/849c4ce8-80b5-462b-ad3e-52cd14c5d09e.jpg', 'JPG',  null,                                                        null, 'kpm-logo.jpg',         null),
    (1, '2025-01-19 19:32:46.309797', '2025-01-21 22:17:42.208104', 'Здесь должно быть описание партнера.', 'ОсОО Спутник Лоргистик', 'partners/logo/e86e58f0-961a-445f-9ebc-95aa2c00938f.png', 'PNG', 'partners/product/4abc25a5-5e78-4a22-a81c-230aea1cccfb.jpg', 'JPG', 'sputnik-logo.png',     'бутылка-химия.jpg'),
    (1, '2025-01-19 19:32:46.309797', '2025-01-21 22:17:42.208104', 'Здесь должно быть описание партнера.', 'ОсОО Деташ',             'partners/logo/7f6a4755-7a01-4d0d-b838-a37ac755fe9d.png', 'PNG', 'partners/product/277a3a4d-d031-4391-aa2d-7a099a52abea.jpg', 'JPG', 'detash-logo.png',      'бутылка-гель.jpg'),
    (1, '2025-01-19 19:32:46.309797', '2025-01-21 22:17:42.208104', 'Здесь должно быть описание партнера.', 'ОсОО Би Групп',          'partners/logo/00ae950c-bf93-43a8-a9d8-fb84fd8e7c64.jpg', 'JPG',  null,                                                        null, 'bi-group-logo.jpg',    null),
    (1, '2025-01-19 19:32:46.309797', '2025-01-21 22:17:42.208104', 'Здесь должно быть описание партнера.', 'ОсОО Белек',             'partners/logo/03bd5d58-bc86-4d86-9899-43065ecaf112.jpg', 'JPG', 'partners/product/6e28773b-4a6e-48be-a9b9-59f29df2f195.jpg', 'JPG', 'belek-honey-logo.jpg', 'банка-мед.jpg'),
    (1, '2025-01-19 19:32:46.309797', '2025-01-21 22:17:42.208104', 'Здесь должно быть описание партнера.', 'ОсОО Айс Квин',          'partners/logo/18d403f6-6c26-493a-b5c5-6fd8dfc08b67.jpg', 'JPG', null,                                                         null, 'ice-queen-logo.jpg',   null),
    (1, '2025-01-19 19:32:46.309797', '2025-01-21 22:17:42.208104', 'Здесь должно быть описание партнера.', 'BBC',                    'partners/logo/8dd2a4b6-a4d2-4c7c-97ba-dd7d00231937.jpg', 'JPG', null,                                                         null, 'bbc-logo.jpg',         null),
    (1, '2025-01-19 19:32:46.309797', '2025-01-21 22:17:42.208104', 'Здесь должно быть описание партнера.', 'ОсОО Асан',              'partners/logo/e601bc9e-aba6-413c-8f6b-758c7de8744a.png', 'PNG', null,                                                         null, 'asan-logo.png',        null),
    (1, '2025-01-19 19:32:46.309797', '2025-01-21 22:17:42.208104', 'Здесь должно быть описание партнера.', 'Бочка',                  'partners/logo/ce7a3c2e-f1e5-4f65-a3f1-10395b77b01f.png', 'PNG', 'partners/product/648d9afd-bf25-4b34-a68c-b571d18c92ff.jpg', 'JPG', 'bochka-logo.png',      'бутылка-пиво.jpg');

INSERT INTO ZAVOD.PRODUCTS (ID, ID_FROM_FACTORY_BD, SUBCATEGORY_ID, NAME, DESCRIPTION)
VALUES
    (1, 1, 2, 'Бутылка 1л', 'Первое предложение отображается на странице продукта, в основной информации. Полное описание отображается в блоке описание на странице продукта.'),
    (2, 43, 2, 'Бутылка 1л', 'Описание'),
    (3, 163, 2, 'Бутылка 1л', 'Описание'),
    (4, 266, 2, 'Бутылка 1л', 'Описание'),
    (5, 10, 2, 'Бутылка 1л', 'Описание'),
    (6, 44, 2, 'Бутылка 1л', 'Описание'),
    (7, 36, 2, 'Бутылка 1л', 'Описание'),
    (8, 75, 2, 'Бутылка 1л', 'Описание'),
    (9, 161, 2, 'Бутылка 1л', 'Описание'),
    (10, 755, 2, 'Бутылка 1л', 'Описание'),
    (11, 101, 2, 'Бутылка 1л', 'Описание'),
    (12, 210, 2, 'Бутылка 1л', 'Описание'),
    (13, 79, 2, 'Бутылка 1л', 'Описание'),
    (14, 115, 2, 'Бутылка 1л', 'Описание'),
    (15, 139, 2, 'Бутылка 1л', 'Описание'),
    (25, 74, 2, 'Бутылка 0.83л', 'Описание'),
    (26, 13, 2, 'Бутылка 0.9л', 'Описание'),
    (27, 25, 2, 'Бутылка 0.9л', 'Описание'),
    (32, 119, 1, 'Бутылка 0.5л', 'Описание'),
    (33, 88, 1, 'Бутылка 0.5л', 'Описание'),
    (34, 118, 1, 'Бутылка 0.5л', 'Описание'),
    (35, 15, 1, 'Бутылка 1л', 'Описание'),
    (36, 28, 1, 'Бутылка 0.5л', 'Описание'),
    (37, 51, 1, 'Бутылка 0.5л', 'Описаине'),
    (38, 42, 1, 'Бутылка 0.5л', 'Описаине'),
    (39, 78, 1, 'Бутылка 0.5л', 'Описание'),
    (40, 82, 1, 'Бутылка 0.5л', 'Описание'),
    (41, 122, 1, 'Бутылка 0.5л', 'Описание'),
    (42, 164, 1, 'Бутылка 0.5л', 'Описание'),
    (43, 184, 1, 'Бутылка 0.45л', 'Описаине'),
    (44, 8, 1, 'Бутылка 0.45л', 'Описание'),
    (45, 116, 1, 'Бутылка 0.25л', 'Описание'),
    (46, 132, 1, 'Бутылка 0.3л', 'Описание'),
    (47, 117, 1, 'Бутылка 0.3л', 'Описаине'),
    (48, 133, 1, 'Бутылка 0.33л', 'Описание'),
    (49, 135, 1, 'Бутылка 0.45л', 'Описание'),
    (50, 136, 1, 'Бутылка 0.2л', 'Описание'),
    (51, 152, 1, 'Бутылка 0.1л', 'Описаине'),
    (52, 134, 1, 'Бутылка 0.4л', 'Описаине'),
    (53, 185, 1, 'Бутылка 0.5л', 'Описаине'),
    (54, 193, 1, 'Бутылка 0.25л', 'Описание'),
    (55, 194, 1, 'Бутылка 0.2л', 'Описание'),
    (64, 48, 3, 'Бутылка 1.5л', 'Описание'),
    (65, 12, 3, 'Бутылка 1.5л', 'Описание'),
    (66, 196, 3, 'Бутылка 1.5л', 'Описание'),
    (67, 9, 3, 'Бутылка 2л', 'Описание'),
    (68, 197, 3, 'Бутылка 2л', 'Описание'),
    (69, 18, 3, 'Бутылка 2л', 'Описание'),
    (70, 102, 4, 'Бутылка 2.5л', 'Описание'),
    (71, 19, 4, 'Бутылка 2.5л', 'Описание'),
    (72, 103, 4, 'Бутылка 3л', 'Описание'),
    (73, 104, 5, 'Бутылка 4л', 'Описание'),
    (74, 14, 4, 'Бутылка 4.5л', 'Описание'),
    (75, 150, 4, 'Бутылка 4.5л', 'Описание'),
    (76, 39, 4, 'Бутылка 5л', 'Описание'),
    (77, 83, 4, 'Бутылка 5л', 'Описание'),
    (78, 142, 4, 'Бутылка 5л', 'Описание'),
    (79, 141, 4, 'Бутылка 5л', 'Описание'),
    (80, 123, 6, 'Банка 0.5л', 'Описание'),
    (81, 126, 6, 'Банка 0.5л', 'Описание'),
    (82, 176, 6, 'Банка 0.45л', 'Описание'),
    (83, 89, 6, 'Банка 0.3л', 'Описание'),
    (84, 90, 6, 'Банка 0.5л', 'Описание'),
    (85, 155, 6, 'Банка 0.3л', 'Описание'),
    (86, 1555, 6, 'Банка 0.2л', 'Описание'),
    (87, 158, 6, 'Банка 0.18л', 'Описание'),
    (88, 178, 6, 'Банка 0.28л', 'Описание'),
    (89, 212, 6, 'Банка 0.35л', 'Описание'),
    (90, 207, 6, 'Банка 0.334л', 'Описание'),
    (91, 231, 5, 'Бутылка 10л', 'Описание'),
    (92, 125, 7, 'Банка 1л', 'Описание'),
    (93, 127, 7, 'Банка 1л', 'Описание'),
    (94, 175, 7, 'Банка 0.65л', 'Описание'),
    (95, 177, 7, 'Банка 0.65л', 'Описание'),
    (97, 179, 7, 'Банка 0.76л', 'Описание'),
    (98, 92, 7, 'Банка 0.7л', 'Описание'),
    (99, 124, 7, 'Банка 0.7л', 'Описание'),
    (100, 173, 8, 'Банка 1.04л', 'Описание'),
    (101, 129, 8, 'Банка 2л', 'Описание'),
    (102, 130, 9, 'Банка 3л', 'Описание'),
    (103, 199, 9, 'Банка 4л', 'Описание'),
    (104, 200, 9, 'Банка 5л', 'Описание'),
    (105, 180, 10, 'Банка малыш 40г', 'Описание'),
    (106, 181, 10, 'Банка малыш 70г', 'Описание'),
    (107, 182, 10, 'Банка 100г', 'Описание'),
    (109, 1000, 17, 'Флекс', 'Описание'),
    (111, 302, 15, 'Крышка на банку', 'Описание'),
    (112, 311, 15, 'Крышка на банку', 'Описание'),
    (113, 326, 15, 'Крышка на банку с кольцом', 'Описание'),
    (114, 325, 15, 'Крышка на баночку', 'Описание'),
    (115, 309, 14, 'Крышка 38мм', 'Описание'),
    (116, 303, 14, 'Ручка на бутылку', 'Описание'),
    (117, 321, 14, 'Крышка 28мм', 'Описание');

INSERT INTO ZAVOD.IMAGES (COLOR_ID, PRODUCT_ID, PRODUCT_IMAGE, PRODUCT_IMAGE_TYPE, PRODUCT_IMAGE_NAME)
VALUES
    (1, 1, 'products/dbeed51f-ba62-4625-9b95-1e631a1b6590.jpg', 'JPG', 'бутылка-1л-01.jpg'),
    (1, 2, 'products/5232dd3b-d9a4-40bb-b737-f85958a3b7b8.jpg', 'JPG', 'бутылка-1л-43.jpg'),
    (1, 3, 'products/f3159c93-51f2-4674-bbe9-8f1138c32343.jpg', 'JPG', 'бутылка-1л-163.jpg'),
    (1, 4, 'products/c96b4bca-18a7-4554-8165-d182b2ffa4c2.jpg', 'JPG', 'бутылка-1л-266.jpg'),
    (1, 5, 'products/a97f0bc6-d091-4a95-b74d-e31330d2e5c0.jpg', 'JPG', 'бутылка-1л-10.jpg'),
    (1, 6, 'products/4fdd1dc3-eae1-4b4f-aa21-09f127475b31.jpg', 'JPG', 'бутылка-1л-44.jpg'),
    (1, 7, 'products/96857128-d37a-44f8-a5c8-5115a04b7016.jpg', 'JPG', 'бутылка-1л-36.jpg'),
    (3, 8, 'products/a9bce491-004a-4515-a7fd-1f33a85aa342.jpg', 'JPG', 'бутылка-1л-75.jpg'),
    (1, 9, 'products/b56190d9-a12e-4ba6-874a-a9d42d64a8a5.jpg', 'JPG', 'бутылка-1л-161.jpg'),
    (1, 10, 'products/3cda4103-6e2e-49cb-83ca-daede377ab3a.jpg', 'JPG', 'бутылка-1л-755.jpg'),
    (1, 11, 'products/fc89ff14-2805-4ab4-af4d-8d9657efed64.jpg', 'JPG', 'бутылка-1л-101.jpg'),
    (1, 12, 'products/bb18d44a-4966-4995-970e-c4b5ecde75c4.jpg', 'JPG', 'бутылка-1л-210.jpg'),
    (1, 13, 'products/bc73fc6d-3fdf-47b5-a933-a15d6143b55a.jpg', 'JPG', 'бутылка-1л-79.jpg'),
    (4, 14, 'products/6e92101f-7762-4425-bf9d-ee2c66ccbb65.jpg', 'JPG', 'бутылка-1л-115.jpg'),
    (1, 15, 'products/bbea18a8-e852-43e3-b379-5ee7795e4839.jpg', 'JPG', 'бутылка-1л-139.jpg'),
    (1, 25, 'products/eddec80d-74ea-4ef8-bcb9-cad70e60a751.jpg', 'JPG', 'бутылка-0.84л-74-1.jpg'),
    (2, 25, 'products/e6c5cbf6-3764-4c61-adf8-c7469e719775.jpg', 'JPG', 'бутылка-0.84л-74-2.jpg'),
    (1, 26, 'products/ef790feb-93a0-4edd-bb2e-212ee696cc5c.jpg', 'JPG', 'бутылка-0.9л-13-2.jpg'),
    (5, 26, 'products/67d28430-47f0-4ac4-aa35-7236e903f156.jpg', 'JPG', 'бутылка-0.9л-13-1.jpg'),
    (1, 27, 'products/16253f3f-dadc-451b-892b-565474b167cd.jpg', 'JPG', 'бутылка-0.9л-25.jpg'),
    (1, 32, 'products/9c6f0b7a-be59-4fa7-b3c9-5651b88825ad.jpg', 'JPG', 'бутылка-05л-119.jpg'),
    (4, 32, 'products/85a51be1-bfe4-4dc5-96cf-2a3efd9a27ed.jpg', 'JPG', 'бутылка-05л-119-2.jpg'),
    (3, 33, 'products/cc18422d-eb91-4689-8cbe-e656a3d4855c.jpg', 'JPG', 'бутылка-05л-88.jpg'),
    (1, 33, 'products/ffec8e43-169e-4ef0-ad21-a4c75a6c8991.jpg', 'JPG', 'бутылка-05л-88-2.jpg'),
    (1, 34, 'products/cc768f04-9ca9-4f86-9a77-77c66303caac.jpg', 'JPG', 'бутылка-05л-118.jpg'),
    (1, 35, 'products/80e34a31-3946-4099-926f-b2ec8703b68d.jpg', 'JPG', 'бутылка-05л-15.jpg'),
    (1, 36, 'products/602a043c-3d90-46e1-af88-fe53fe3d7640.jpg', 'JPG', 'бутылка-05л-28.jpg'),
    (1, 37, 'products/e2cb4390-f31f-401d-8332-a33720778d52.jpg', 'JPG', 'бутылка-05л-51.jpg'),
    (1, 38, 'products/53b59a0b-4729-44bb-a869-8a4381771fed.jpg', 'JPG', 'бутылка-05л-42.jpg'),
    (4, 38, 'products/01e799c6-42f9-43ae-bd5d-87be8c7e94b9.jpg', 'JPG', 'бутылка-05л-42-2.jpg'),
    (1, 39, 'products/5a69502a-d238-4c36-b2ef-f43a5b66ad5d.jpg', 'JPG', 'бутылка-05л-78.jpg'),
    (1, 40, 'products/db5da34c-4783-47f0-9230-4153b4e2439c.jpg', 'JPG', 'бутылка-05л-82.jpg'),
    (1, 41, 'products/a4942eae-c775-4a80-b934-56208dfb043d.jpg', 'JPG', 'бутылка-05л-122.jpg'),
    (4, 41, 'products/fb7f226a-d15b-4186-9c81-2a7bbf612375.jpg', 'JPG', 'бутылка-05л-122-2.jpg'),
    (1, 42, 'products/7cfcc5e1-d2ad-46e5-b35e-4a42fdd2b6b5.jpg', 'JPG', 'бутылка-05л-164.jpg'),
    (1, 43, 'products/1929e73e-0acf-49c1-9756-232c2f762cb2.jpg', 'JPG', 'бутылка-05л-184.jpg'),
    (1, 44, 'products/daa70d03-8e7e-4bb1-b50a-1f4a71f058f4.jpg', 'JPG', 'бутылка-045л-8.jpg'),
    (1, 45, 'products/f140218e-0aa4-4ba8-bb87-a0f7e3b7d919.jpg', 'JPG', 'бутылка-025л-116.jpg'),
    (1, 46, 'products/025c08a2-cb47-45f6-aac2-5655d027ade0.jpg', 'JPG', 'бутылка-03л-132.jpg'),
    (1, 47, 'products/c308212b-7237-4c6d-9d8c-7af63abfb513.jpg', 'JPG', 'бутылка-03л-117.jpg'),
    (1, 48, 'products/fe9043b6-276f-458c-b411-0cd1507605b2.jpg', 'JPG', 'бутылка-033л-133.jpg'),
    (1, 49, 'products/6ce8ca37-62b9-4a76-8e97-6b11e5fad924.jpg', 'JPG', 'бутылка-045л-135.jpg'),
    (1, 50, 'products/8f38cb4a-21e8-43fc-9e14-8677190a4553.jpg', 'JPG', 'бутылка-02л-136.jpg'),
    (1, 51, 'products/0bac724e-c720-43a3-b2db-f82b7a853cc9.jpg', 'JPG', 'бутылка-01л-152.jpg'),
    (3, 51, 'products/2172d4a8-dae4-439a-a228-325a6e554baa.jpg', 'JPG', 'бутылка-01л-152-2.jpg'),
    (1, 52, 'products/39547b21-8286-471f-a0ab-e01147ca3e1f.jpg', 'JPG', 'бутылка-04л-134.jpg'),
    (1, 53, 'products/8419bee0-5556-49c9-a1f0-6297ca8ee7bf.jpg', 'JPG', 'бутылка-05л-185.jpg'),
    (1, 54, 'products/d3925184-3c33-40bd-a616-dcb05efac380.jpg', 'JPG', 'бутылка-025л-193.jpg'),
    (1, 55, 'products/fe6b8d0c-73b8-493a-9617-f4addd1fb02a.jpg', 'JPG', 'бутылка-02л-194.jpg'),
    (1, 64, 'products/2a7afeaa-3013-424d-8ff4-adb430580253.jpg', 'JPG', 'бутылка-1.5л-48.jpg'),
    (1, 65, 'products/baf99c1f-8d15-4895-b886-6081ba33a08b.jpg', 'JPG', 'бутылка-1.5л-12.jpg'),
    (1, 66, 'products/31ee1a8e-3d83-4b41-8554-d201712ebf54.jpg', 'JPG', 'бутылка-1.5л-196.jpg'),
    (1, 67, 'products/8fbcce3a-684b-49be-b2d1-a853ea418fc2.jpg', 'JPG', 'бутылка-2л-9.jpg'),
    (1, 68, 'products/3eee2a66-e650-4e75-9057-7a50103d023c.jpg', 'JPG', 'бутылка-2л-197.jpg'),
    (1, 69, 'products/b294745d-19dd-4dc1-a87f-92c342a7b24c.jpg', 'JPG', 'бутылка-2л-18.jpg'),
    (1, 70, 'products/a70789c6-cb80-4808-9aa8-007c49a7f172.jpg', 'JPG', 'бутылка-2.5л-102.jpg'),
    (1, 71, 'products/4442277e-1c3f-46ea-8efc-24bea46b2a5f.jpg', 'JPG', 'бутылка-2.5л-19.jpg'),
    (1, 72, 'products/4f49d71c-1329-42fd-a0f5-88720b524bbc.jpg', 'JPG', 'бутылка-3л-103.jpg'),
    (1, 73, 'products/981f1325-1b50-4fb9-b549-a741eca75916.jpg', 'JPG', 'бутылка-4л-104.jpg'),
    (1, 74, 'products/9f0bdb1d-6536-4b6e-8f7e-81ecd25ce6dd.jpg', 'JPG', 'бутылка-4.5л-14.jpg'),
    (2, 74, 'products/3ed404fb-685c-4ea0-b9f9-2562d060a6b5.jpg', 'JPG', 'бутылка-4.5л-14-2.jpg'),
    (1, 75, 'products/f19a99e3-43cc-4a3b-ab94-9b0954943739.jpg', 'JPG', 'бутылка-4.5л-150.jpg'),
    (1, 76, 'products/f0099d82-a735-43f6-adb0-671b5894fbc6.jpg', 'JPG', 'бутылка-5л-39.jpg'),
    (1, 77, 'products/3e903f9a-158a-4ce8-a511-a223287b2233.jpg', 'JPG', 'бутылка-5л-83.jpg'),
    (1, 78, 'products/c510e96a-b8cd-45fa-9f1c-2252b342219d.jpg', 'JPG', 'бутылка-5л-142.jpg'),
    (1, 79, 'products/d6af1547-c6a8-448e-8888-ca72ff679aaa.jpg', 'JPG', 'бутылка-5л-141.jpg'),
    (1, 80, 'products/4287091d-1cc6-4533-bcc3-2cdd72da57be.jpg', 'JPG', 'банка-05л-123.jpg'),
    (1, 81, 'products/488450b6-2192-4866-8cfc-da6d528f5206.jpg', 'JPG', 'банка-05л-126.jpg'),
    (1, 82, 'products/5e90b739-4143-436d-b493-cad02d856f1b.jpg', 'JPG', 'банка-045л-176.jpg'),
    (1, 83, 'products/2a8b5eca-5205-4288-ac57-a1d18688393a.jpg', 'JPG', 'банка-03л-89.jpg'),
    (1, 84, 'products/cad2958e-a8e0-4019-996d-04942000e96e.jpg', 'JPG', 'банка-05л-90.jpg'),
    (1, 85, 'products/fbce1a87-0d28-4927-98b7-f58dfed2871b.jpg', 'JPG', 'банка-03л-155.jpg'),
    (1, 86, 'products/bc9df966-bba0-4ac4-bee6-ce775e428ef8.jpg', 'JPG', 'банка-02л-1555.jpg'),
    (1, 87, 'products/3ca23806-b018-4e2e-bd68-80e590388d02.jpg', 'JPG', 'банка-018л-158.jpg'),
    (1, 88, 'products/841beab4-bf3a-4e3d-b55d-5c80e4addf2b.jpg', 'JPG', 'банка-028л-178.jpg'),
    (1, 89, 'products/793c95a2-46ee-4af2-9129-063e1d6626df.jpg', 'JPG', 'банка-035л-212.jpg'),
    (1, 90, 'products/4beb8b45-0d22-47f3-b5b7-f9cf2bc6465c.jpg', 'JPG', 'банка-033л-207.jpg'),
    (1, 91, 'products/17a67520-c808-41a1-94f3-4e9c6c84aac2.jpg', 'JPG', 'бутылка-10л-231.jpg'),
    (1, 91, 'products/ae6b500f-fdab-48d2-8cb8-26ad28257ab5.jpg', 'JPG', 'бутылка-10л-231-2.jpg'),
    (1, 92, 'products/70b2b07e-5994-4969-9a82-013dc5ba24f0.jpg', 'JPG', 'банка-1л-125.jpg'),
    (1, 93, 'products/251cd1dc-7ce8-4dcd-8e30-5d4959699467.jpg', 'JPG', 'банка-1л-127.jpg'),
    (1, 94, 'products/ed97a5ae-b77c-438b-b7a5-659d58a0d41d.jpg', 'JPG', 'банка-0.65л-175.jpg'),
    (1, 95, 'products/5f496a8e-7ddc-44c0-a7ea-7e0cb890993e.jpg', 'JPG', 'банка-0.65л-177.jpg'),
    (1, 97, 'products/66b7dd02-0f17-4820-a963-ecf5eef9bb64.jpg', 'JPG', 'банка-0.76л-179.jpg'),
    (1, 98, 'products/2152336c-9f33-455c-900d-89627595258d.jpg', 'JPG', 'банка-0.7л-91.jpg'),
    (1, 99, 'products/7ede5b80-7e92-4d59-a408-7283595b79f7.jpg', 'JPG', 'банка-0.7л-124.jpg'),
    (1, 100, 'products/3310a2f4-409e-4bb0-b18f-8fa15838a442.jpg', 'JPG', 'банка-1.04л-173.jpg'),
    (1, 101, 'products/4674ac3c-1223-4c6a-b1ed-1ab1f95df6b1.jpg', 'JPG', 'банка-2л-129.jpg'),
    (1, 102, 'products/01586c32-bd34-488c-af09-365599904401.jpg', 'JPG', 'банка-3л-130.jpg'),
    (1, 103, 'products/6e0828a1-f752-404c-92b5-f5419ffdd705.jpg', 'JPG', 'банка-4л-199.jpg'),
    (1, 104, 'products/e07e0e4f-fc6d-4a8f-9d97-9a9ce10d5baa.jpg', 'JPG', 'банка-5л-200.jpg'),
    (1, 105, 'products/382204d8-9d30-42bb-91c4-f2f41cbaae55.jpg', 'JPG', 'банка-малыш-40г-180.jpg'),
    (1, 106, 'products/b4d82f1b-c6b8-4361-93b1-5685d41d6b6a.jpg', 'JPG', 'банка-малыш-70г-181.jpg'),
    (1, 107, 'products/c3142ff2-284e-4bfd-9992-deda7925408e.jpg', 'JPG', 'банка-малыш-100г-182.jpg'),
    (5, 109, 'products/7cd2b5fd-d4e3-4d56-9821-a66fab3eb2bc.jpg', 'JPG', 'флекс-гол.jpg'),
    (2, 109, 'products/7d7688d7-0450-42e6-8939-f03ae0a7348b.jpg', 'JPG', 'флекс-зел.jpg'),
    (3, 109, 'products/cc13846e-1c49-4452-a2b7-1234e08537c5.jpg', 'JPG', 'флекс-кор.jpg'),
    (1, 109, 'products/e46f3adf-1708-4b1d-a103-060004f58961.jpg', 'JPG', 'флекс-проз.jpg'),
    (2, 111, 'products/28bf3b5b-3da9-4a46-bc2b-6a6af9f983b4.jpg', 'JPG', 'крышка-на банку-302.jpg'),
    (2, 112, 'products/83181664-965f-4ab6-862f-942b686c224f.jpg', 'JPG', 'крышка-на-банку-311.jpg'),
    (4, 113, 'products/f74ebb5a-75e5-43ff-b370-d37e8fa5a7dd.jpg', 'JPG', 'крышка-на-банку-с-кольцом-326.jpg'),
    (4, 114, 'products/0235a1d6-b44f-4a0f-b277-58cd90230ea3.jpg', 'JPG', 'крышка-на-баночку-325.jpg'),
    (4, 115, 'products/0e7cf501-671c-4de8-baa7-38bb44ed4846.jpg', 'JPG', 'крышка-38-309.jpg'),
    (4, 116, 'products/5bf21f14-b1a1-4220-b478-7ef8f85991bb.jpg', 'JPG', 'ручка-на-бутылку-303.jpg'),
    (4, 117, 'products/ad190cdb-cadf-4093-a9a1-05be31674752.jpg', 'JPG', 'крышка-28-321.jpg');


INSERT INTO ZAVOD.PRODUCT_CHARACTERISTICS (CHARACTERISTIC_ID, PRODUCT_ID, VAL)
VALUES
    (1, 1, 1.0),
    (2, 1, 1.0),
    (3, 1, 90.0),
    (4, 1, 28.0),
    (1, 2, 1.0),
    (2, 2, 1.0),
    (3, 2, 99.0),
    (4, 2, 28.0),
    (1, 3, 1.0),
    (2, 3, 1.0),
    (3, 3, 104.0),
    (4, 3, 28.0),
    (1, 4, 1.0),
    (2, 4, 1.0),
    (3, 4, 85.0),
    (4, 4, 28.0),
    (1, 5, 1.0),
    (2, 5, 1.0),
    (3, 5, 99.0),
    (4, 5, 28.0),
    (1, 6, 1.0),
    (2, 6, 1.0),
    (3, 6, 99.0),
    (4, 6, 28.0),
    (1, 7, 1.0),
    (2, 7, 1.0),
    (3, 7, 99.0),
    (4, 7, 28.0),
    (1, 8, 1.0),
    (2, 8, 1.0),
    (3, 8, 110.0),
    (4, 8, 28.0),
    (1, 9, 1.0),
    (2, 9, 1.0),
    (3, 9, 114.0),
    (4, 9, 28.0),
    (1, 10, 1.0),
    (2, 10, 1.0),
    (3, 10, 110.0),
    (4, 10, 28.0),
    (1, 11, 1.0),
    (2, 11, 1.0),
    (3, 11, 99.0),
    (4, 11, 28.0),
    (1, 12, 1.0),
    (2, 12, 1.0),
    (3, 12, 99.0),
    (4, 12, 28.0),
    (1, 13, 1.0),
    (2, 13, 1.0),
    (3, 13, 99.0),
    (4, 13, 28.0),
    (1, 14, 1.0),
    (2, 14, 1.0),
    (3, 14, 99.0),
    (4, 14, 28.0),
    (5, 11, NULL),
    (6, 11, NULL),
    (5, 14, NULL),
    (6, 14, NULL),
    (5, 13, NULL),
    (6, 13, NULL),
    (5, 12, NULL),
    (6, 12, NULL),
    (5, 10, NULL),
    (6, 10, NULL),
    (5, 8, NULL),
    (6, 8, NULL),
    (5, 9, NULL),
    (6, 9, NULL),
    (5, 7, NULL),
    (6, 7, NULL),
    (5, 6, NULL),
    (6, 6, NULL),
    (5, 5, NULL),
    (6, 5, NULL),
    (5, 4, NULL),
    (6, 4, NULL),
    (5, 3, NULL),
    (6, 3, NULL),
    (5, 2, NULL),
    (6, 2, NULL),
    (1, 15, 1.0),
    (2, 15, 1.0),
    (3, 15, 99.0),
    (4, 15, 28.0),
    (1, 25, 1.0),
    (2, 25, 0.83),
    (3, 25, 130.0),
    (4, 25, 28.0),
    (5, 25, 30.0),
    (1, 26, 1.0),
    (2, 26, 0.9),
    (3, 26, 99.0),
    (4, 26, 28.0),
    (5, 26, 30.0),
    (1, 27, 1.0),
    (2, 27, 0.9),
    (3, 27, 110.0),
    (4, 27, 28.0),
    (5, 27, 35.0),
    (1, 32, 1.0),
    (2, 32, 0.5),
    (3, 32, 99.0),
    (4, 32, 28.0),
    (1, 33, 1.0),
    (2, 33, 0.5),
    (3, 33, 110.0),
    (4, 33, 28.0),
    (1, 34, 1.0),
    (2, 34, 5.5),
    (3, 34, 108.0),
    (4, 34, 28.0),
    (1, 35, 1.0),
    (2, 35, 0.5),
    (3, 35, 108.0),
    (4, 35, 28.0),
    (5, 35, 22.5),
    (1, 36, 1.0),
    (2, 36, 0.5),
    (3, 36, 99.0),
    (4, 36, 28.0),
    (5, 36, 22.5),
    (1, 37, 1.0),
    (2, 37, 0.5),
    (3, 37, 160.0),
    (4, 37, 28.0),
    (5, 37, 35.0),
    (1, 38, 1.0),
    (2, 38, 0.5),
    (3, 38, 153.0),
    (4, 38, 28.0),
    (5, 38, 35.0),
    (1, 39, 1.0),
    (2, 39, 0.5),
    (3, 39, 99.0),
    (4, 39, 22.5),
    (1, 40, 1.0),
    (2, 40, 0.5),
    (3, 40, 108.0),
    (4, 40, 28.0),
    (5, 40, 22.5),
    (5, 32, 22.5),
    (1, 41, 1.0),
    (2, 41, 0.5),
    (3, 41, 102.0),
    (4, 41, 38.0),
    (5, 41, 37.0),
    (1, 42, 1.0),
    (2, 42, 0.5),
    (3, 42, 164.0),
    (4, 42, 28.0),
    (5, 42, 22.5),
    (1, 43, 1.0),
    (2, 43, 0.45),
    (3, 43, 140.0),
    (4, 43, 28.0),
    (5, 43, 35.0),
    (1, 44, 1.0),
    (2, 44, 0.45),
    (3, 44, 114.0),
    (4, 44, 28.0),
    (1, 45, 1.0),
    (2, 45, 0.25),
    (3, 45, 100.0),
    (4, 45, 28.0),
    (5, 45, 22.5),
    (1, 46, 1.0),
    (2, 46, 0.3),
    (3, 46, 100.0),
    (4, 46, 28.0),
    (5, 46, 22.5),
    (1, 47, 1.0),
    (2, 47, 0.3),
    (3, 47, 100.0),
    (4, 47, 28.0),
    (5, 47, 22.5),
    (1, 48, 1.0),
    (2, 48, 0.33),
    (3, 48, 100.0),
    (4, 48, 28.0),
    (5, 48, 35.0),
    (1, 49, 1.0),
    (2, 49, 0.45),
    (3, 49, 88.0),
    (4, 49, 28.0),
    (5, 49, 35.0),
    (1, 50, 1.0),
    (2, 50, 0.2),
    (3, 50, 100.0),
    (4, 50, 28.0),
    (5, 50, 22.5),
    (1, 51, 1.0),
    (2, 51, 0.1),
    (3, 51, 100.0),
    (4, 51, 28.0),
    (5, 51, 16.5),
    (1, 52, 1.0),
    (2, 52, 0.4),
    (3, 52, 88.0),
    (4, 52, 28.0),
    (5, 52, 35.0),
    (1, 53, 1.0),
    (2, 53, 0.5),
    (3, 53, 250.0),
    (4, 53, 28.0),
    (5, 53, 35.0),
    (1, 54, 1.0),
    (2, 54, 0.25),
    (3, 54, 100.0),
    (4, 54, 28.0),
    (5, 54, 22.5),
    (1, 55, 1.0),
    (2, 55, 0.2),
    (3, 55, 100.0),
    (4, 55, 28.0),
    (5, 55, 22.5),
    (1, 64, 1.0),
    (2, 64, 1.5),
    (3, 64, 75.0),
    (4, 64, 28.0),
    (5, 64, 5.0),
    (1, 65, 1.0),
    (2, 65, 1.5),
    (3, 65, 72.0),
    (4, 65, 28.0),
    (5, 65, 35.0),
    (1, 66, 1.0),
    (2, 66, 1.5),
    (3, 66, 80.0),
    (4, 66, 28.0),
    (5, 66, 35.0),
    (1, 67, 1.0),
    (2, 67, 2.0),
    (3, 67, 52.0),
    (4, 67, 28.0),
    (5, 67, 35.0),
    (1, 68, 1.0),
    (2, 68, 2.0),
    (3, 68, 65.0),
    (4, 68, 28.0),
    (5, 68, 35.0),
    (1, 69, 1.0),
    (2, 69, 2.0),
    (3, 69, 54.0),
    (4, 69, 28.0),
    (5, 69, 35.0),
    (1, 70, 1.0),
    (2, 70, 2.5),
    (3, 70, 42.0),
    (4, 70, 48.0),
    (5, 70, 80.0),
    (1, 71, 1.0),
    (2, 71, 2.5),
    (3, 71, 44.0),
    (4, 71, 28.0),
    (5, 71, 35.0),
    (1, 72, 1.0),
    (2, 72, 3.0),
    (3, 72, 42.0),
    (4, 72, 48.0),
    (5, 72, 80.0),
    (1, 73, 1.0),
    (2, 73, 4.0),
    (3, 73, 55.0),
    (4, 73, 48.0),
    (5, 73, 80.0),
    (1, 74, 1.0),
    (2, 74, 4.5),
    (3, 74, 40.0),
    (4, 74, 38.0),
    (1, 75, 1.0),
    (2, 75, 4.5),
    (3, 75, 48.0),
    (4, 75, 48.0),
    (1, 76, 1.0),
    (2, 76, 5.0),
    (3, 76, 40.0),
    (4, 76, 48.0),
    (1, 77, 1.0),
    (2, 77, 5.0),
    (3, 77, 40.0),
    (4, 77, 48.0),
    (1, 78, 1.0),
    (2, 78, 5.0),
    (3, 78, 43.0),
    (4, 78, 48.0),
    (1, 79, 1.0),
    (2, 79, 5.0),
    (3, 79, 40.0),
    (4, 79, 48.0),
    (1, 80, 1.0),
    (2, 80, 0.5),
    (3, 80, 100.0),
    (5, 80, 51.0),
    (1, 81, 1.0),
    (2, 81, 0.5),
    (3, 81, 100.0),
    (5, 81, 51.0),
    (1, 82, 1.0),
    (2, 82, 0.45),
    (3, 82, 70.0),
    (5, 82, 51.0),
    (1, 83, 1.0),
    (2, 83, 0.3),
    (3, 83, 94.0),
    (1, 84, 1.0),
    (2, 84, 0.5),
    (3, 84, 75.0),
    (1, 85, 1.0),
    (2, 85, 0.3),
    (3, 85, 99.0),
    (1, 86, 1.0),
    (2, 86, 0.2),
    (3, 86, 105.0),
    (1, 87, 1.0),
    (2, 87, 0.18),
    (3, 87, 124.0),
    (1, 88, 1.0),
    (2, 88, 0.28),
    (3, 88, 108.0),
    (1, 89, 1.0),
    (2, 89, 0.35),
    (3, 89, 99.0),
    (1, 90, 1.0),
    (2, 90, 0.33),
    (3, 90, 110.0),
    (1, 91, 1.0),
    (2, 91, 10.0),
    (3, 91, 38.0),
    (1, 92, 1.0),
    (2, 92, 1.0),
    (3, 92, 130.0),
    (5, 92, 51.0),
    (1, 93, 1.0),
    (2, 93, 1.0),
    (3, 93, 39.0),
    (5, 93, 51.0),
    (1, 94, 1.0),
    (2, 94, 0.65),
    (3, 94, 70.0),
    (5, 94, 51.0),
    (1, 95, 1.0),
    (2, 95, 0.65),
    (3, 95, 63.0),
    (5, 95, 51.0),
    (1, 97, 1.0),
    (2, 97, 0.76),
    (3, 97, 118.0),
    (5, 97, 51.0),
    (1, 98, 1.0),
    (2, 98, 0.7),
    (3, 98, 75.0),
    (5, 98, 51.0),
    (1, 99, 1.0),
    (2, 99, 0.7),
    (3, 99, 140.0),
    (5, 99, 140.0),
    (1, 100, 1.0),
    (2, 100, 1.04),
    (3, 100, 75.0),
    (1, 101, 1.0),
    (2, 101, 2.0),
    (3, 101, 42.0),
    (1, 102, 1.0),
    (2, 102, 3.0),
    (3, 102, 63.0),
    (1, 103, 1.0),
    (2, 103, 4.0),
    (3, 103, 48.0),
    (1, 104, 1.0),
    (2, 104, 5.0),
    (3, 104, 42.0),
    (1, 105, 1.0),
    (2, 105, 0.04),
    (3, 105, 108.0),
    (1, 106, 1.0),
    (2, 106, 0.07),
    (3, 106, 100.0),
    (1, 107, 1.0),
    (2, 107, 0.1),
    (3, 107, 100.0),
    (1, 109, 1.0),
    (2, 109, 0.0),
    (3, 109, 1.0),
    (1, 111, 1.0),
    (2, 111, 0.0),
    (3, 111, 1.0),
    (1, 112, 1.0),
    (2, 112, 0.0),
    (3, 112, 1.0),
    (1, 113, 1.0),
    (2, 113, 0.0),
    (3, 113, 1.0),
    (1, 114, 1.0),
    (2, 114, 0.0),
    (3, 114, 1.0),
    (1, 115, 1.0),
    (2, 115, 0.0),
    (3, 115, 1.0),
    (1, 116, 1.0),
    (2, 116, 0.0),
    (3, 116, 1.0),
    (1, 117, 1.0),
    (2, 117, 0.0),
    (3, 117, 1.0);

INSERT INTO ZAVOD.VACANCIES (DESCRIPTION, NAME, OFFER)
VALUES
    (
     '• Проведение погрузочно-разгрузочных работ
    • Перемещение пластиковой тары и производственных материалов по цеху
    • Выезд на объекты для разгрузки товара
    • Участие в уборке и выносе мусора после произведенных работ
    График работы:
    ПН-СБ: 8:00-17:00
    ВС: выходной',
     'Вакансия грузчика',
     '1. Официальное трудоустройство
    2. Обед за счет компании
    3. Своевременная заработная плата
    4. ЗП: 30000 сом'),

    (
     '• Проведение погрузочно-разгрузочных работ
    • Перемещение пластиковой тары и производственных материалов по цеху
    • Выезд на объекты для разгрузки товара
    • Участие в уборке и выносе мусора после произведенных работ
    График работы:
    ПН-СБ: 8:00-17:00
    ВС: выходной',
     'Вакансия зав скалада',
     '1. Официальное трудоустройство
    2. Обед за счет компании
    3. Своевременная заработная плата
    4. ЗП: 30000 сом');


INSERT INTO ZAVOD.CERTIFICATES
( DESCRIPTION, NAME, CERTIFICATE_IMAGE, CERTIFICATE_IMAGE_TYPE, CERTIFICATE_IMAGE_NAME, CERTIFICATE_IMAGE_KG, CERTIFICATE_IMAGE_NAME_KG, CERTIFICATE_IMAGE_TYPE_KG)
VALUES
    (
     'Зачем нужен сертификат. Что гарантирует сертификат. Каким органом был выдан сертификат. Зачем нужен сертификат. Что гарантирует сертификат. Каким органом был выдан сертификат. Зачем нужен сертификат. Что гарантирует сертификат. Каким органом был выдан сертификат.',
     'Сертификат-1',
     'certificates/f79d0d36-79b6-412b-bcb3-b7efd0556e24.jpg',
     'JPG',
     'сертификат-1.jpg',
     'certificates/6a7f0d1c-56c9-4a99-b4ff-f238ab064105.jpg',
     'сертификат-2.jpg',
     'JPG'),

    (
     'Зачем нужен сертификат. Что гарантирует сертификат. Каким органом был выдан сертификат. Зачем нужен сертификат. Что гарантирует сертификат. Каким органом был выдан сертификат. Зачем нужен сертификат. Что гарантирует сертификат. Каким органом был выдан сертификат.',
     'Сертификат-2',
     'certificates/6a7f0d1c-56c9-4a99-b4ff-f238ab064105.jpg',
     'JPG',
     'сертификат-2.jpg',
     'certificates/35e2aa90-1ca3-48ce-a639-590011d52ffe.jpg',
     'сертификат-3.jpg',
     'JPG'),

    (
     'Зачем нужен сертификат. Что гарантирует сертификат. Каким органом был выдан сертификат. Зачем нужен сертификат. Что гарантирует сертификат. Каким органом был выдан сертификат. Зачем нужен сертификат. Что гарантирует сертификат. Каким органом был выдан сертификат.',
     'Сертификат-3',
     'certificates/03caad98-116e-4a10-b63f-da22d822078c.jpg',
     'JPG',
     'сертификат-3.jpg',
     'certificates/520075fb-4902-4e6b-b0e0-56f7aaa97c23.jpg',
     'сертификат-1.jpg',
     'JPG');